,Question,Answer
0,What is fever?,"Fever is an elevated body temperature, often a sign of an underlying infection or illness."
1,What causes fever?,"Fever can be caused by various factors, including infections (bacterial, viral, or fungal), inflammatory conditions, and certain medications."
2,What is the normal body temperature?,"The normal body temperature for adults is typically around 98.6°F (37°C), but it can vary slightly from person to person."
3,How is body temperature measured?,"Body temperature can be measured orally, rectally, under the armpit, or using ear or forehead thermometers."
4,What are the common symptoms of fever?,"Common symptoms of fever include a high body temperature, chills, sweating, headache, muscle aches, fatigue, and a feeling of general discomfort."
5,Is fever always a sign of illness?,"No, fever can also be a response to non-infectious factors such as heatstroke, dehydration, or certain inflammatory conditions."
6,When should I seek medical attention for fever?,"You should seek medical attention if you have a high fever (above 103°F or 39.4°C), persistent fever, severe headache, difficulty breathing, chest pain, or other concerning symptoms."
7,How is fever treated at home?,"Home treatment for fever often includes rest, staying hydrated, and taking over-the-counter fever-reducing medications like acetaminophen or ibuprofen."
8,Can fever be contagious?,"Fever itself is not contagious, but the underlying cause of the fever, such as a viral infection, can be contagious."
9,What is a fever reducer?,A fever reducer is a medication that helps lower body temperature and relieve fever-related symptoms.
10,Is it necessary to treat every fever with medication?,Not necessarily. Fever is a natural response to infection and can help the body fight off the illness. Treatment with medication is often based on the severity of symptoms and comfort level.
11,Can a fever be a sign of a serious illness?,"Yes, a fever can be a symptom of various serious illnesses, including bacterial infections, sepsis, and autoimmune diseases. It's essential to identify the underlying cause."
12,What is the difference between a low-grade fever and a high fever?,A low-grade fever is generally considered to be a body temperature slightly above the normal range but below 100.4°F (38°C). A high fever is typically above 103°F (39.4°C).
13,What should I eat when I have a fever?,"It's essential to stay hydrated and eat light, easily digestible foods like broth-based soups, plain rice, applesauce, and bananas. Avoid heavy or spicy foods."
14,Can fever be a side effect of vaccines?,"Yes, low-grade fever can be a common side effect of some vaccines. It is usually temporary and not a cause for concern."
15,How can I prevent fever?,"Fever prevention often involves maintaining good hygiene, getting vaccinated, practicing safe food handling, and avoiding close contact with individuals who have contagious illnesses."
16,Is it safe to give a cold bath to reduce fever?,"No, giving a cold bath is not recommended for fever reduction. It can cause shivering and make the fever worse. Instead, use lukewarm water for a sponge bath if necessary."
17,Can fever occur without any other symptoms?,"Yes, in some cases, fever may be the only symptom of an underlying illness, especially in mild viral infections."
18,What is the purpose of sweating during a fever?,Sweating during a fever is the body's way of cooling down and regulating temperature. It helps dissipate excess heat.
19,Can fever be a sign of COVID-19?,"Yes, fever is one of the common symptoms of COVID-19, along with other respiratory symptoms like cough and shortness of breath."
